feature,importance
ContractRisk,0.15238419
Contract,0.14891069
TechSupport,0.0817047
OnlineSecurity,0.07997708
IsFiberOptic,0.0535955
ShortTenureMonthly,0.0395307
IsElectronicCheck,0.038741313
TenureBin,0.03472877
InternetService,0.029860517
tenure,0.02759105
StreamingMovies,0.021523882
StreamingCount,0.019922396
MonthlyCharges,0.01749133
FiberNoProtection,0.016999306
PaperlessBilling,0.016608499
CostPerService,0.016310304
TotalCharges,0.015815658
AvgChargesPerMonth,0.015005727
HasProtectionBundle,0.014429964
PhoneService,0.013435739
Dependents,0.013418469
StreamingTV,0.012418129
SeniorCitizen,0.011818794
TenureMonthlyInteraction,0.011746024
OnlineBackup,0.011102838
MultipleLines,0.011029658
PaymentMethod,0.0104150595
SeniorAlone,0.010177865
ChargeGrowthRate,0.009828579
ProtectionCount,0.009543014
HasPartnerOrDependents,0.008077776
ServiceCount,0.007665557
DeviceProtection,0.0074832467
gender,0.0073991567
Partner,0.0033084154
IsAutoPayment,0.0
